INSERT INTO JUDGE(name, birthdate, notability, seasons)
    VALUES ('Simon Cowell','1959-10-07', 'Television personality, entrepreneur, producer, and record executive',9);
INSERT INTO JUDGE(name, birthdate, notability, seasons)
    VALUES ('Sharon Osbourne', '1952-10-07', 'Television personality, businesswoman, and author',6);
INSERT INTO JUDGE(name, birthdate, notability, seasons)
    VALUES ('Howie Mandel','1955-11-29' , 'Comedian, actor and television host',7);

INSERT INTO CONTESTANT(name, birthdate, notability, hometown)
    VALUES('Nikki Glaser', '1984-07-22','Comedian & podcast host', 'Cincinnati');

INSERT INTO CONTESTANT(name, birthdate, notability, hometown)
    VALUES ('Danelle Umstead', '1960-03-04', 'Actor & country music singer', 'Taos');

INSERT INTO CONTESTANT(name, birthdate, notability, hometown)
    VALUES ('Joe Amabile', '1980-11-30','Reality television star', 'California');

INSERT INTO CONTESTANT(name, birthdate, notability, hometown)
    VALUES ('Evanna Lynch', '1991-03-01','Harry Potter actress & activist','Termonfeckin');

INSERT INTO CONTESTANT(name, birthdate, notability, hometown)
    VALUES('Debbie Gibson', '1970-05-17', 'Singer-songwriter & Broadway actress','New York' );

INSERT INTO CONTESTANT(name, birthdate, notability, hometown)
    VALUES('Leona Lewis', '1982-05-24', 'Pop singer' , 'London');

INSERT INTO CONTESTANT(name, birthdate, notability, hometown)
    VALUES ('Cardi B', '1992-03-03', 'Rapper, songwriter, television personality and actress', 'New York');

INSERT INTO CONTESTANT(name, birthdate, notability, hometown)
    VALUES ('John Travolta', '1954-05-07', 'Actor, singer and dancer', 'New Jersey');

INSERT INTO CONTESTANT(name, birthdate, notability, hometown)
    VALUES ('Antonio Banderas', '1960-02-12', 'Spanish actor, film producer and director.', 'Andalusia');

INSERT INTO CONTESTANT(name, birthdate, notability, hometown)
    VALUES ('Zendaya', '1996-03-13', 'Actress and singer', 'California');


INSERT INTO PRESENTER(name, birthdate, notability,awards )
    VALUES ('Tyra Banks', '1973-12-04', 'Television personality,producer, business woman, model', 'Teen Choice Awards and Daytime Emmy Award');
INSERT INTO PRESENTER(name, birthdate, notability, awards)
    VALUES ('Terry Crews', '1968-07-30', 'Actor, comedian, activist, artist', 'NAACP Image Awards');

INSERT INTO EPISODE VALUES(1, '80s');
INSERT INTO EPISODE VALUES(2, 'Halloween');
INSERT INTO EPISODE VALUES(3, 'Beatles time');
INSERT INTO EPISODE VALUES(4, 'Hip hop');
INSERT INTO EPISODE VALUES(5, 'Folklore');
INSERT INTO EPISODE VALUES(6, 'Disco');
INSERT INTO EPISODE VALUES(7, '2000s pop');
INSERT INTO EPISODE VALUES(8, 'Gatsby night');


INSERT INTO POINTS VALUES('11NS',1, 11, 1, 7);
INSERT INTO POINTS VALUES('12DS',2, 11, 1,4);
INSERT INTO POINTS VALUES('13JS',3, 11, 1,5);
INSERT INTO POINTS VALUES('14ES',4, 11, 1,3);
INSERT INTO POINTS VALUES('15DS',5, 11, 1, 8);
INSERT INTO POINTS VALUES('16LS',6, 11, 1, 9);
INSERT INTO POINTS VALUES('17CS',7, 11, 1, 1);
INSERT INTO POINTS VALUES('18JS',8, 11, 1,2);
INSERT INTO POINTS VALUES('19AS',9, 11, 1,6);
INSERT INTO POINTS VALUES('10ZS',10, 11, 1,10);

INSERT INTO POINTS VALUES('10ZO',10,12,1, 10);
INSERT INTO POINTS VALUES('11NO',1, 12, 1, 6);
INSERT INTO POINTS VALUES('12DO',2, 12, 1,5);
INSERT INTO POINTS VALUES('13JO',3, 12, 1,2);
INSERT INTO POINTS VALUES('14EO',4, 12, 1,4);
INSERT INTO POINTS VALUES('15DO',5, 12, 1, 9);
INSERT INTO POINTS VALUES('16LO',6, 12, 1, 7);
INSERT INTO POINTS VALUES('17CO',7, 12, 1, 3);
INSERT INTO POINTS VALUES('18JO',8, 12, 1, 1 );
INSERT INTO POINTS VALUES('19AO',9, 12, 1,8);

INSERT INTO POINTS VALUES('10ZH',10, 13, 1,10);
INSERT INTO POINTS VALUES('11NH',1, 13, 1, 7);
INSERT INTO POINTS VALUES('12DH',2, 13, 1, 5);
INSERT INTO POINTS VALUES('13JH',3, 13, 1, 4);
INSERT INTO POINTS VALUES('14EH',4, 13, 1, 4);
INSERT INTO POINTS VALUES('15DH',5, 13, 1, 3);
INSERT INTO POINTS VALUES('16LH',6, 13, 1, 8);
INSERT INTO POINTS VALUES('17CH',7, 13, 1, 7);
INSERT INTO POINTS VALUES('18JH',8, 13, 1, 3);
INSERT INTO POINTS VALUES('19AH',9, 13, 1, 5);




INSERT INTO POINTS VALUES('21NS',1, 11, 2, 5);
INSERT INTO POINTS VALUES('22DS',2, 11, 2, 6);
INSERT INTO POINTS VALUES('23JS',3, 11, 2, 4);
INSERT INTO POINTS VALUES('24ES',4, 11, 2, 9);
INSERT INTO POINTS VALUES('25DS',5, 11, 2, 5);
INSERT INTO POINTS VALUES('26LS',6, 11, 2, 6);
INSERT INTO POINTS VALUES('27CS',7, 11, 2, 7);
INSERT INTO POINTS VALUES('29AS',9, 11, 2, 9);
INSERT INTO POINTS VALUES('20ZS',10, 11, 2, 8);


INSERT INTO POINTS VALUES('21NO',1, 12, 2, 6);
INSERT INTO POINTS VALUES('22DO',2, 12, 2, 3);
INSERT INTO POINTS VALUES('23JO',3, 12, 2, 9);
INSERT INTO POINTS VALUES('24EO',4, 12, 2, 1);
INSERT INTO POINTS VALUES('25DO',5, 12, 2, 5);
INSERT INTO POINTS VALUES('26LO',6, 12, 2, 8);
INSERT INTO POINTS VALUES('27CO',7, 12, 2, 4);
INSERT INTO POINTS VALUES('29AO',9, 12, 2, 4);
INSERT INTO POINTS VALUES('20ZO',10,12, 2, 8);


INSERT INTO POINTS VALUES('20ZH',10, 13, 2,9);
INSERT INTO POINTS VALUES('21NH',1, 13, 2, 3);
INSERT INTO POINTS VALUES('22DH',2, 13, 2, 5);
INSERT INTO POINTS VALUES('23JH',3, 13, 2, 6);
INSERT INTO POINTS VALUES('24EH',4, 13, 2, 8);
INSERT INTO POINTS VALUES('25DH',5, 13, 2, 2);
INSERT INTO POINTS VALUES('26LH',6, 13, 2, 9);
INSERT INTO POINTS VALUES('27CH',7, 13, 2, 1);
INSERT INTO POINTS VALUES('29AH',9, 13, 2, 7);



INSERT INTO POINTS VALUES('31NS',1, 11,3 , 2);
INSERT INTO POINTS VALUES('32DS',2, 11, 3, 3);
INSERT INTO POINTS VALUES('33JS',3, 11, 3, 8);
INSERT INTO POINTS VALUES('34ES',4, 11, 3, 4);
INSERT INTO POINTS VALUES('35DS',5, 11, 3, 3);
INSERT INTO POINTS VALUES('36LS',6, 11, 3, 5);
INSERT INTO POINTS VALUES('39AS',9, 11, 3, 9);
INSERT INTO POINTS VALUES('30ZS',10, 11, 3, 4);


INSERT INTO POINTS VALUES('31NO',1, 12, 3, 6);
INSERT INTO POINTS VALUES('32DO',2, 12, 3, 3);
INSERT INTO POINTS VALUES('33JO',3, 12, 3, 3);
INSERT INTO POINTS VALUES('34EO',4, 12, 3, 1);
INSERT INTO POINTS VALUES('35DO',5, 12, 3, 5);
INSERT INTO POINTS VALUES('36LO',6, 12, 3, 8);
INSERT INTO POINTS VALUES('39AO',9, 12, 3, 4);
INSERT INTO POINTS VALUES('30ZO',10,12, 3, 8);


INSERT INTO POINTS VALUES('30ZH',10, 13, 3,6);
INSERT INTO POINTS VALUES('31NH',1, 13, 3, 3);
INSERT INTO POINTS VALUES('32DH',2, 13, 3, 5);
INSERT INTO POINTS VALUES('33JH',3, 13, 3, 6);
INSERT INTO POINTS VALUES('34EH',4, 13, 3, 4);
INSERT INTO POINTS VALUES('35DH',5, 13, 3, 3);
INSERT INTO POINTS VALUES('36LH',6, 13, 3, 7);
INSERT INTO POINTS VALUES('39AH',9, 13, 3, 7);


INSERT INTO POINTS VALUES('41NS',1, 11, 4, 5);
INSERT INTO POINTS VALUES('42DS',2, 11, 4, 7);
INSERT INTO POINTS VALUES('43JS',3, 11, 4, 3);
INSERT INTO POINTS VALUES('45DS',5, 11, 4, 4);
INSERT INTO POINTS VALUES('46LS',6, 11, 4, 8);
INSERT INTO POINTS VALUES('49AS',9, 11, 4, 9);
INSERT INTO POINTS VALUES('40ZS',10, 11, 4, 10);


INSERT INTO POINTS VALUES('41NO',1, 12, 4, 6);
INSERT INTO POINTS VALUES('42DO',2, 12, 4, 3);
INSERT INTO POINTS VALUES('43JO',3, 12, 4, 9);
INSERT INTO POINTS VALUES('45DO',5, 12, 4, 7);
INSERT INTO POINTS VALUES('46LO',6, 12, 4, 8);
INSERT INTO POINTS VALUES('49AO',9, 12, 4, 5);
INSERT INTO POINTS VALUES('40ZO',10,12, 4, 8);


INSERT INTO POINTS VALUES('40ZH',10, 13, 4,9);
INSERT INTO POINTS VALUES('41NH',1, 13, 4, 3);
INSERT INTO POINTS VALUES('42DH',2, 13, 4, 5);
INSERT INTO POINTS VALUES('43JH',3, 13, 4, 8);
INSERT INTO POINTS VALUES('45DH',5, 13, 4, 6);
INSERT INTO POINTS VALUES('46LH',6, 13, 4, 9);
INSERT INTO POINTS VALUES('49AH',9, 13, 4, 7);


INSERT INTO POINTS VALUES('52DS',2, 11, 5, 9);
INSERT INTO POINTS VALUES('53JS',3, 11, 5, 3);
INSERT INTO POINTS VALUES('55DS',5, 11, 5, 8);
INSERT INTO POINTS VALUES('56LS',6, 11, 5, 8);
INSERT INTO POINTS VALUES('59AS',9, 11, 5, 6);
INSERT INTO POINTS VALUES('50ZS',10, 11, 5, 7);


INSERT INTO POINTS VALUES('52DO',2, 12, 5, 9);
INSERT INTO POINTS VALUES('53JO',3, 12, 5, 6);
INSERT INTO POINTS VALUES('55DO',5, 12, 5, 8);
INSERT INTO POINTS VALUES('56LO',6, 12, 5, 5);
INSERT INTO POINTS VALUES('59AO',9, 12, 5, 9);
INSERT INTO POINTS VALUES('50ZO',10,12, 5, 6);

INSERT INTO POINTS VALUES('52DH',2, 13, 5, 7);
INSERT INTO POINTS VALUES('53JH',3, 13, 5, 5);
INSERT INTO POINTS VALUES('55DH',5, 13, 5, 6);
INSERT INTO POINTS VALUES('56LH',6, 13, 5, 4);
INSERT INTO POINTS VALUES('59AH',9, 13, 5, 8);
INSERT INTO POINTS VALUES('50ZH',10, 13, 5,7);


INSERT INTO POINTS VALUES('62DS',2, 11, 6, 5);
INSERT INTO POINTS VALUES('65DS',5, 11, 6, 7);
INSERT INTO POINTS VALUES('66LS',6, 11, 6, 5);
INSERT INTO POINTS VALUES('69AS',9, 11, 6, 9);
INSERT INTO POINTS VALUES('60ZS',10, 11, 6, 5);

INSERT INTO POINTS VALUES('62DO',2, 12, 6, 9);
INSERT INTO POINTS VALUES('65DO',5, 12, 6, 8);
INSERT INTO POINTS VALUES('66LO',6, 12, 6, 5);
INSERT INTO POINTS VALUES('69AO',9, 12, 6, 9);
INSERT INTO POINTS VALUES('60ZO',10,12, 6, 6);

INSERT INTO POINTS VALUES('62DH',2, 13, 6, 5);
INSERT INTO POINTS VALUES('65DH',5, 13, 6, 4);
INSERT INTO POINTS VALUES('66LH',6, 13, 6, 6);
INSERT INTO POINTS VALUES('69AH',9, 13, 6, 7);
INSERT INTO POINTS VALUES('60ZH',10, 13, 6,9);

INSERT INTO POINTS VALUES('72DS',2, 11, 7, 5);
INSERT INTO POINTS VALUES('75DS',5, 11, 7, 7);
INSERT INTO POINTS VALUES('79AS',9, 11, 7, 9);
INSERT INTO POINTS VALUES('70ZS',10, 11, 7, 7);

INSERT INTO POINTS VALUES('72DO',2, 12, 7, 4);
INSERT INTO POINTS VALUES('75DO',5, 12, 7, 8);
INSERT INTO POINTS VALUES('79AO',9, 12, 7, 9);
INSERT INTO POINTS VALUES('70ZO',10,12, 7, 6);

INSERT INTO POINTS VALUES('72DH',2, 13, 7, 6);
INSERT INTO POINTS VALUES('75DH',5, 13, 7, 9);
INSERT INTO POINTS VALUES('79AH',9, 13, 7, 8);
INSERT INTO POINTS VALUES('70ZH',10, 13, 7,9);


INSERT INTO POINTS VALUES('85DS',5, 11, 8, 7);
INSERT INTO POINTS VALUES('89AS',9, 11, 8, 9);
INSERT INTO POINTS VALUES('80ZS',10, 11, 8, 7);

INSERT INTO POINTS VALUES('85DO',5, 12, 8, 7);
INSERT INTO POINTS VALUES('89AO',9, 12, 8, 10);
INSERT INTO POINTS VALUES('80ZO',10,12, 8, 6);

INSERT INTO POINTS VALUES('85DH',5, 13, 8, 9);
INSERT INTO POINTS VALUES('89AH',9, 13, 8, 10);
INSERT INTO POINTS VALUES('80ZH',10, 13,8,10);

INSERT INTO PARTICIPATE VALUES(1,1);
INSERT INTO PARTICIPATE VALUES(2,1);
INSERT INTO PARTICIPATE VALUES(3,1);
INSERT INTO PARTICIPATE VALUES(4,1);
INSERT INTO PARTICIPATE VALUES(5,1);
INSERT INTO PARTICIPATE VALUES(6,1);
INSERT INTO PARTICIPATE VALUES(7,1);
INSERT INTO PARTICIPATE VALUES(8,1);
INSERT INTO PARTICIPATE VALUES(9,1);
INSERT INTO PARTICIPATE VALUES(10,1);

INSERT INTO PARTICIPATE VALUES(1,2);
INSERT INTO PARTICIPATE VALUES(2,2);
INSERT INTO PARTICIPATE VALUES(3,2);
INSERT INTO PARTICIPATE VALUES(4,2);
INSERT INTO PARTICIPATE VALUES(5,2);
INSERT INTO PARTICIPATE VALUES(6,2);
INSERT INTO PARTICIPATE VALUES(7,2);
INSERT INTO PARTICIPATE VALUES(9,2);
INSERT INTO PARTICIPATE VALUES(10,2);

INSERT INTO PARTICIPATE VALUES(1,3);
INSERT INTO PARTICIPATE VALUES(2,3);
INSERT INTO PARTICIPATE VALUES(3,3);
INSERT INTO PARTICIPATE VALUES(4,3);
INSERT INTO PARTICIPATE VALUES(5,3);
INSERT INTO PARTICIPATE VALUES(6,3);
INSERT INTO PARTICIPATE VALUES(9,3);
INSERT INTO PARTICIPATE VALUES(10,3);

INSERT INTO PARTICIPATE VALUES(1,4);
INSERT INTO PARTICIPATE VALUES(2,4);
INSERT INTO PARTICIPATE VALUES(3,4);
INSERT INTO PARTICIPATE VALUES(5,4);
INSERT INTO PARTICIPATE VALUES(6,4);
INSERT INTO PARTICIPATE VALUES(9,4);
INSERT INTO PARTICIPATE VALUES(10,4);

INSERT INTO PARTICIPATE VALUES(2,5);
INSERT INTO PARTICIPATE VALUES(3,5);
INSERT INTO PARTICIPATE VALUES(5,5);
INSERT INTO PARTICIPATE VALUES(6,5);
INSERT INTO PARTICIPATE VALUES(9,5);
INSERT INTO PARTICIPATE VALUES(10,5);

INSERT INTO PARTICIPATE VALUES(2,6);
INSERT INTO PARTICIPATE VALUES(5,6);
INSERT INTO PARTICIPATE VALUES(6,6);
INSERT INTO PARTICIPATE VALUES(9,6);
INSERT INTO PARTICIPATE VALUES(10,6);

INSERT INTO PARTICIPATE VALUES(2,7);
INSERT INTO PARTICIPATE VALUES(5,7);
INSERT INTO PARTICIPATE VALUES(9,7);
INSERT INTO PARTICIPATE VALUES(10,7);

INSERT INTO PARTICIPATE VALUES(5,8);
INSERT INTO PARTICIPATE VALUES(9,8);
INSERT INTO PARTICIPATE VALUES(10,8);

INSERT INTO SONG VALUES(1,1,'Livin on a prayer', 1986, 'Rock and Roll', 'Bon Jovi');
INSERT INTO SONG VALUES(1,2,'Billie Jean', 1982, 'Pop', 'Michael Jackson');
INSERT INTO SONG VALUES(1,3,'I wanna dance with somebody', 1987, 'Rock and Roll', 'Whitney Houston');
INSERT INTO SONG VALUES(1,4,'Sweet child o`mine', 1987, 'Rock and Roll', 'Guns and roses');
INSERT INTO SONG VALUES(1,5,'When doves cry', 1984, 'Pop', 'Prince');
INSERT INTO SONG VALUES(1,6,'I love rock and roll', 1981, 'Rock and Roll', 'Joan Jett');
INSERT INTO SONG VALUES(1,7,'You give a love a bad name', 1988, 'Rock and Roll', 'Bon Jovi');
INSERT INTO SONG VALUES(1,8,'Take my breath away', 1986, 'Rock and Roll', 'Berlin');
INSERT INTO SONG VALUES(1,9,'Jump', 1984, 'Pop', 'George Michael');
INSERT INTO SONG VALUES(1,10,'Into the Groove', 1984, 'Pop', 'Madonna');


INSERT INTO SONG VALUES(2,1,'Highway to Hell', 1979, 'Rock', 'AC/DC');
INSERT INTO SONG VALUES(2,2,'Disturbia', 2008, 'Pop', 'Rihanna');
INSERT INTO SONG VALUES(2,3,'Scary song', 2012, 'Seasonal', 'Halloween kids');
INSERT INTO SONG VALUES(2,4,'Creep', 1992, 'POP', 'Radiohead');
INSERT INTO SONG VALUES(2,5,'Haunted', 2013, 'Pop', 'Beyonce');
INSERT INTO SONG VALUES(2,6,'Monster mash', 1992, 'POP', 'Bobby Pickett');
INSERT INTO SONG VALUES(2,7,'Dragula', 1998, 'Rock and roll', 'Rob Zombie');
INSERT INTO SONG VALUES(2,9,'Thriller', 1982, 'Pop', 'Michael Jackson');
INSERT INTO SONG VALUES(2,10,'Zombie', 1993, 'Grunge ', 'The Cranberries');

INSERT INTO SONG VALUES(3,1,'Hey Jude', 1968, 'Rock', 'Beatles');
INSERT INTO SONG VALUES(3,2,'Come together', 1969, 'Rock', 'Beatles');
INSERT INTO SONG VALUES(3,3,'A day in the life', 1967, 'Rock', 'Beatles');
INSERT INTO SONG VALUES(3,4,'Blackbird', 1968, 'Rock', 'Beatles');
INSERT INTO SONG VALUES(3,5,'And i love her', 1964, 'Rock', 'Beatles');
INSERT INTO SONG VALUES(3,6,'We can work it out', 1966, 'Rock', 'Beatles');
INSERT INTO SONG VALUES(3,9,'I feel fine', 1964, 'Rock', 'Beatles');
INSERT INTO SONG VALUES(3,10,'Help', 1965, 'Rock ', 'Beatles');

INSERT INTO SONG VALUES(4,1,'Lose yourself', 2002, 'Hip hop', 'Eminem');
INSERT INTO SONG VALUES(4,2,'Sicko mode', 2018, 'Hip hop', 'Travis Scott');
INSERT INTO SONG VALUES(4,3,'Ice ice baby', 1989, 'Hip hop', 'Vanilla ice');
INSERT INTO SONG VALUES(4,5,'Changes', 1998, 'Hip hop', 'Tupac');
INSERT INTO SONG VALUES(4,6,'X gonna give it to ya', 2003, 'Hip hop', 'DMX');
INSERT INTO SONG VALUES(4,9,'Who let the dogs out', 2000, 'Hip hop', 'Baha man');
INSERT INTO SONG VALUES(4,10,'Candy shop', 2003, 'Hip hop ', '50 cent');

INSERT INTO SONG VALUES(5,2,'Izlel e Delio haidutin', 2007, 'Foklore', 'Valq Balkanska');
INSERT INTO SONG VALUES(5,3,'The violin song', 2008, 'Foklore', 'Brianna');
INSERT INTO SONG VALUES(5,5,'Puff', 1963, 'Foklore', 'Mary');
INSERT INTO SONG VALUES(5,6,'Can the Circle be unbroken', 1964, 'Foklore', 'Carter Family');
INSERT INTO SONG VALUES(5,9,'Susan', 1977, 'Foklore', 'Leonard Cohen');
INSERT INTO SONG VALUES(5,10,'Lullaby', 2017, 'Foklore ', 'Chronos');

INSERT INTO SONG VALUES(6,2,'Ring my bell', 1979, 'Disco', 'Anita Ward');
INSERT INTO SONG VALUES(6,5,'Disco Inferno', 1976, 'Disco', 'The tramps');
INSERT INTO SONG VALUES(6,6,'Dont stop the music', 2002, 'Disco', 'Rihanna');
INSERT INTO SONG VALUES(6,9,'Never worn', 2020, 'Disco', 'Katy Perry');
INSERT INTO SONG VALUES(6,10,'Promises', 2018, 'Disco ', 'Calvin Harris');

INSERT INTO SONG VALUES(7,2,'In the club', 2001, 'Rap', '50 cent');
INSERT INTO SONG VALUES(7,5,'Crazy in love', 2003, 'RNB', 'Beyonce');
INSERT INTO SONG VALUES(7,9,'Poker face', 2008, 'Pop', 'Lady Gaga');
INSERT INTO SONG VALUES(7,10,'Say it right', 2006, 'Pop ', 'Nelly Furtado');

INSERT INTO SONG VALUES(8,5,'Grenade', 2009, 'RNB', 'Bruno Mars');
INSERT INTO SONG VALUES(8,9,'Impossible', 2014, 'Pop', 'James Arthur');
INSERT INTO SONG VALUES(8,10,'My heart will go on', 2006, 'Pop ', 'Celine Dion');


INSERT INTO STYLIST (CERTNO, NAME, TYPE) VALUES (100, 'SARAH DONNOVAN', 'MAKEUP ARTIST');
INSERT INTO STYLIST (CERTNO, NAME, TYPE) VALUES (202, 'JIM SMITH', 'FASHION STYLIST');
INSERT INTO STYLIST (CERTNO, NAME, TYPE) VALUES (729, 'VICTORIA SULLIVAN', 'MAKEUP ARTIST');
INSERT INTO STYLIST (CERTNO, NAME, TYPE) VALUES (133, 'HOLLY HOLM', 'HAIRSTYLIST');
INSERT INTO STYLIST (CERTNO, NAME, TYPE) VALUES (407, 'EVA WILLBOROUGH', 'HAIRSTYLIST');
INSERT INTO STYLIST (CERTNO, NAME, TYPE) VALUES (582, 'STEPHANIE EARL', 'FASHION STYLIST');


INSERT INTO COMPANY (CODE, NAME, FOUNDED, HEADQUARTERS) VALUES ('ZX321', 'THE BORING COMPANY', '2016-05-06', 'CALIFORNIA');
INSERT INTO COMPANY (CODE, NAME, FOUNDED, HEADQUARTERS) VALUES ('FT732', 'EUROFOOTBALL', '1993-08-21', 'SOFIA');
INSERT INTO COMPANY (CODE, NAME, FOUNDED, HEADQUARTERS) VALUES ('TX447', 'EFBET', '2006-03-27', 'SOFIA');
INSERT INTO COMPANY (CODE, NAME, FOUNDED, HEADQUARTERS) VALUES ('RQ309', 'VIVACOM', '1992-04-11', 'SOFIA');
INSERT INTO COMPANY (CODE, NAME, FOUNDED, HEADQUARTERS) VALUES ('KY758', 'ALBENA AD', '1969-08-24', 'ALBENA');
INSERT INTO COMPANY (CODE, NAME, FOUNDED, HEADQUARTERS) VALUES ('GT932', 'DUNAV AUTO 2012', '2012-03-03', 'RUSE');
INSERT INTO COMPANY (CODE, NAME, FOUNDED, HEADQUARTERS) VALUES ('XY255', 'ORGACHIM AD', '1901-12-12', 'RUSE');
INSERT INTO COMPANY (CODE, NAME, FOUNDED, HEADQUARTERS) VALUES ('BC911', 'VIP SECURITY', '1999-02-08', 'SOFIA');
INSERT INTO COMPANY (CODE, NAME, FOUNDED, HEADQUARTERS) VALUES ('EP888', 'TAYLOR CORPORATION', '1975-10-20', 'MINNESOTA');
INSERT INTO COMPANY (CODE, NAME, FOUNDED, HEADQUARTERS) VALUES ('JJ702', 'THE COCA-COLA COMPANY', '1892-01-29', 'ATLANTA');
INSERT INTO COMPANY (CODE, NAME, FOUNDED, HEADQUARTERS) VALUES ('TV390', 'UNICREDIT BULBANK', '1964-05-05', 'SOFIA');
INSERT INTO COMPANY (CODE, NAME, FOUNDED, HEADQUARTERS) VALUES ('BC640', 'STARBUCKS', '1971-03-31', 'WASHINGTON');
INSERT INTO COMPANY (CODE, NAME, FOUNDED, HEADQUARTERS) VALUES ('FS177', 'BILLA AG', '1953-11-19', 'WIENER NEUDORF');
INSERT INTO COMPANY (CODE, NAME, FOUNDED, HEADQUARTERS) VALUES ('QZ952', 'KAUFLAND', '1984-06-15', 'NECKARSULM');


INSERT INTO TAKE_PART VALUES(1,100);
INSERT INTO TAKE_PART VALUES(1,202);
INSERT INTO TAKE_PART VALUES(1,133);
INSERT INTO TAKE_PART VALUES(1,407);

INSERT INTO TAKE_PART VALUES(2,729);
INSERT INTO TAKE_PART VALUES(2,582);
INSERT INTO TAKE_PART VALUES(2,407);

INSERT INTO TAKE_PART VALUES(3,100);
INSERT INTO TAKE_PART VALUES(3,582);
INSERT INTO TAKE_PART VALUES(3,407);
INSERT INTO TAKE_PART VALUES(3,729);

INSERT INTO TAKE_PART VALUES(4,729);
INSERT INTO TAKE_PART VALUES(4,582);
INSERT INTO TAKE_PART VALUES(4,133);
INSERT INTO TAKE_PART VALUES(4,407);

INSERT INTO TAKE_PART VALUES(5,729);
INSERT INTO TAKE_PART VALUES(5,202);
INSERT INTO TAKE_PART VALUES(5,133);
INSERT INTO TAKE_PART VALUES(5,100);

INSERT INTO TAKE_PART VALUES(6,729);
INSERT INTO TAKE_PART VALUES(6,202);
INSERT INTO TAKE_PART VALUES(6,407);
INSERT INTO TAKE_PART VALUES(6,582);

INSERT INTO TAKE_PART VALUES(7,729);
INSERT INTO TAKE_PART VALUES(7,202);
INSERT INTO TAKE_PART VALUES(7,582);
INSERT INTO TAKE_PART VALUES(7,407);

INSERT INTO TAKE_PART VALUES(8,729);
INSERT INTO TAKE_PART VALUES(8,202);
INSERT INTO TAKE_PART VALUES(8,133);
INSERT INTO TAKE_PART VALUES(8,582);

INSERT INTO SPONSORS VALUES(1,'ZX321',1700);
INSERT INTO SPONSORS VALUES(1,'TX447',7800);
INSERT INTO SPONSORS VALUES(1,'JJ702',8300);
INSERT INTO SPONSORS VALUES(2,'FT732',4300);
INSERT INTO SPONSORS VALUES(2,'RQ309',2800);
INSERT INTO SPONSORS VALUES(3,'KY758',5400);
INSERT INTO SPONSORS VALUES(3,'GT932',3400);
INSERT INTO SPONSORS VALUES(4,'XY255',8800);
INSERT INTO SPONSORS VALUES(4,'EP888',3650);
INSERT INTO SPONSORS VALUES(4,'JJ702',5600);
INSERT INTO SPONSORS VALUES(5,'TV390',11000);
INSERT INTO SPONSORS VALUES(6,'BC640',4450);
INSERT INTO SPONSORS VALUES(6,'FS177',2100);
INSERT INTO SPONSORS VALUES(7,'TX447',2800);
INSERT INTO SPONSORS VALUES(7,'JJ702',1950);
INSERT INTO SPONSORS VALUES(8,'FS177',3200);
INSERT INTO SPONSORS VALUES(8,'JJ702',4800);
INSERT INTO SPONSORS VALUES(8,'TX447',6320);



INSERT INTO SINGER (NAME, ACTIVE_YEARS, BIRTHPLACE) VALUES ('Bon Jovi', 37, 'Sayreville, New Jersey');
INSERT INTO SINGER (NAME, ACTIVE_YEARS, BIRTHPLACE) VALUES ('Michael Jackson', 45, 'Gary, Indiana');
INSERT INTO SINGER (NAME, ACTIVE_YEARS, BIRTHPLACE) VALUES ('Whitney Houston', 35, 'Newark, New Jersey');
INSERT INTO SINGER (NAME, ACTIVE_YEARS, BIRTHPLACE) VALUES ('Guns and roses', 35, 'Los Angeles, California');
INSERT INTO SINGER (NAME, ACTIVE_YEARS, BIRTHPLACE) VALUES ('Prince', 41, 'Minneapolis, Minnesota');
INSERT INTO SINGER (NAME, ACTIVE_YEARS, BIRTHPLACE) VALUES ('Joan Jett', 45, 'Wynnewood, Pennsylvania');
INSERT INTO SINGER (NAME, ACTIVE_YEARS, BIRTHPLACE) VALUES ('Berlin', 32, 'Los Angeles, California');
INSERT INTO SINGER (NAME, ACTIVE_YEARS, BIRTHPLACE) VALUES ('George Michael', 35, 'East Finchley, Middlesex');
INSERT INTO SINGER (NAME, ACTIVE_YEARS, BIRTHPLACE) VALUES ('Madonna', 41, 'Bay City, Michigan');
INSERT INTO SINGER (NAME, ACTIVE_YEARS, BIRTHPLACE) VALUES ('AC/DC', 47, 'Sydney, New South Wales');
INSERT INTO SINGER (NAME, ACTIVE_YEARS, BIRTHPLACE) VALUES ('Rihanna', 17, 'Saint Michael, Barbados');
INSERT INTO SINGER (NAME, ACTIVE_YEARS, BIRTHPLACE) VALUES ('Halloween kids', 11, 'Chicago, Illinois');
INSERT INTO SINGER (NAME, ACTIVE_YEARS, BIRTHPLACE) VALUES ('Radiohead', 35, 'Abingdon, Oxfordshire');
INSERT INTO SINGER (NAME, ACTIVE_YEARS, BIRTHPLACE) VALUES ('Beyonce', 23, 'Houston, Texas');
INSERT INTO SINGER (NAME, ACTIVE_YEARS, BIRTHPLACE) VALUES ('Bobby Pickett', 48, 'Somerville, Massachusetts');
INSERT INTO SINGER (NAME, ACTIVE_YEARS, BIRTHPLACE) VALUES ('Rob Zombie', 35, 'Haverhill, Massachusetts');
INSERT INTO SINGER (NAME, ACTIVE_YEARS, BIRTHPLACE) VALUES ('The Cranberries', 24, 'Limerick, Ireland');
INSERT INTO SINGER (NAME, ACTIVE_YEARS, BIRTHPLACE) VALUES ('Beatles', 10, 'Liverpool, England');
INSERT INTO SINGER (NAME, ACTIVE_YEARS, BIRTHPLACE) VALUES ('Eminem', 32, 'Detroit, Michigan');
INSERT INTO SINGER (NAME, ACTIVE_YEARS, BIRTHPLACE) VALUES ('Travis Scott', 8, 'Houston, Texas');
INSERT INTO SINGER (NAME, ACTIVE_YEARS, BIRTHPLACE) VALUES ('Vanilla Ice', 35, 'Dallas, Texas');
INSERT INTO SINGER (NAME, ACTIVE_YEARS, BIRTHPLACE) VALUES ('Tupac', 6, 'East Harlem, New York City');
INSERT INTO SINGER (NAME, ACTIVE_YEARS, BIRTHPLACE) VALUES ('Baha man', 43, 'New Providence, The Bahamas');
INSERT INTO SINGER (NAME, ACTIVE_YEARS, BIRTHPLACE) VALUES ('50 Cent', 24, 'Queens, New York City');
INSERT INTO SINGER (NAME, ACTIVE_YEARS, BIRTHPLACE) VALUES ('Valq Balkanska', 60, 'Arda, Smolyan Province');
INSERT INTO SINGER (NAME, ACTIVE_YEARS, BIRTHPLACE) VALUES ('Brianna', 13, 'Peoria, Illinois');
INSERT INTO SINGER (NAME, ACTIVE_YEARS, BIRTHPLACE) VALUES ('Mary', 37, 'New York City, New York');
INSERT INTO SINGER (NAME, ACTIVE_YEARS, BIRTHPLACE) VALUES ('Carter Family', 29, 'Maces Spring, Virginia');
INSERT INTO SINGER (NAME, ACTIVE_YEARS, BIRTHPLACE) VALUES ('Leonard Cohen', 60, 'Westmount, Quebec');
INSERT INTO SINGER (NAME, ACTIVE_YEARS, BIRTHPLACE) VALUES ('Chronos', 22, 'San Diego, California');
INSERT INTO SINGER (NAME, ACTIVE_YEARS, BIRTHPLACE) VALUES ('Anita Ward', 41, 'Memphis, Tennessee');
INSERT INTO SINGER (NAME, ACTIVE_YEARS, BIRTHPLACE) VALUES ('The tramps', 48, 'Philadelphia, Pennsylvania');
INSERT INTO SINGER (NAME, ACTIVE_YEARS, BIRTHPLACE) VALUES ('Katy Perry', 19, 'Santa Barbara, California');
INSERT INTO SINGER (NAME, ACTIVE_YEARS, BIRTHPLACE) VALUES ('Calvin Harris', 18, 'Dumfries, Scotland');
INSERT INTO SINGER (NAME, ACTIVE_YEARS, BIRTHPLACE) VALUES ('Lady Gaga', 19, 'New York City');
INSERT INTO SINGER (NAME, ACTIVE_YEARS, BIRTHPLACE) VALUES ('Nelly Furtado', 24, 'Victoria, British Columbia');
INSERT INTO SINGER (NAME, ACTIVE_YEARS, BIRTHPLACE) VALUES ('Bruno Mars', 16, 'Honolulu, Hawaii');
INSERT INTO SINGER (NAME, ACTIVE_YEARS, BIRTHPLACE) VALUES ('James Arthur', 9, 'Middlesbrough, England');
INSERT INTO SINGER (NAME, ACTIVE_YEARS, BIRTHPLACE) VALUES ('Celine Dion', 40, 'Charlemagne, Quebec');
